{
	"pattrstorage" : 	{
		"name" : "ol.trajectory",
		"slots" : 		{
			"1" : 			{
				"id" : 1,
				"data" : 				{
					"traj" : [ 4, 0.748, 0.226337, 0.25, 0.25, 0.176, 0.868313, 0.776, 0.646091 ]
				}

			}
,
			"2" : 			{
				"id" : 2,
				"data" : 				{
					"traj" : [ 4, 0.288, 0.54321, 0.25, 0.25, 0.176, 0.868313, 0.776, 0.646091 ]
				}

			}
,
			"3" : 			{
				"id" : 3,
				"data" : 				{
					"traj" : [ 11, 0.75, 0.7, 0.25, 0.25, 0.5, 0.1, 0.7, 0.7, 0.824, 0.374486, 0.7, 0.246914, 0.396, 0.580247, 0.424, 0.773663, 0.696, 0.831276, 0.84, 0.777778, 0.848, 0.567901 ]
				}

			}

		}

	}

}
